Ball,Distance
A,6.530838231040298
B,6.529354790065404
