Angle,Distance
15,8.93867759647941
30,11.280846909694285
45,11.766256838944479
60,9.776999999998491
75,5.546233317501441
