Ball,Distance
A,22.96117139868859
B,14.313808098735878
