Ball,Distance
A,13.96117139868859
B,5.313808098735878
