Angle,Distance
15,5.103952066111889
30,8.838655271022613
45,10.20496506608485
60,8.837499999998471
75,5.102358655150656
